name,email
John Aguilar,abdc@gmail.com
Annette Eaton,afssgfsg@yahoo.com
Robert Nguyen,rerter89798@hotmail.com
Katherine Moore,asdf1@gmail.com
Ronald Morris,cdfcd@hotmail.com
Lori Wright,qwer34@hotmail.com
Daniel Miller,tyui56@hotmail.com
Sarah Foster,hffgh@gmail.com
Jessica Miller,qwer@yahoo.com
Joshua Callahan,bcvbb@hotmail.com
Ashley Hopkins,ghjk2@gmail.com
Angela Black,fght@yahoo.com
Donna Brown,qwsd78@yahoo.com
Tony Turner,qazxsw12@yahoo.com
Connor Alvarez,vbghgt@hotmail.com
Henry Day,lzxc3@gmail.com
Karen Rodriguez,tyui@yahoo.com
Gloria George,twert@gmail.com
Juan Cooper,edcvfr234@gmail.com
Antonio Johnson,thnmjy678@gmail.com
Jonathan Wilson,xfbf66@hotmail.com
David Banks,ascvgh125@hotmail.com
John Carlson,vnvn@yahoo.com
Gary Adams,vbnm4@gmail.com
Adrian Barton,oppp@yahoo.com
David Chapman,werq123@gmail.com
Jose Ellis,yujh11@gmail.com
Dominique Brown,cgggg567@hotmail.com
Leslie Robertson,cvnbcb45@yahoo.com
Karen Hernandez,qwerty135@yahoo.com
